"id","cat","X1","pa","name","fg_key"
282332,"batter",-0.0431720578397553,3,"CC Sabathia",404
400085,"batter",-0.0560348902306644,6,"Ichiro Suzuki",1101
405395,"batter",0.00386057059709305,544,"Albert Pujols",1177
408234,"batter",0.00626119176768187,547,"Miguel Cabrera",1744
425772,"batter",-0.0357693529353431,243,"Jeff Mathis",3448
425783,"batter",0.0129072122188874,659,"Shin-Soo Choo",3174
425784,"batter",-0.00802728789296842,20,"Rene Rivera",3648
425794,"batter",-0.0360292815560216,63,"Adam Wainwright",2233
425844,"batter",-0.00629053986506886,58,"Zack Greinke",1943
425877,"batter",0.00211301208877612,489,"Yadier Molina",7007
429664,"batter",0.00524955510886939,420,"Robinson Cano",3269
429665,"batter",0.012001300055192,522,"Edwin Encarnacion",2151
429719,"batter",-0.0464228863622205,3,"Edwin Jackson",1841
430935,"batter",-0.0311957533818298,46,"Cole Hamels",4972
430945,"batter",0.000129746780770871,526,"Adam Jones",6368
431145,"batter",-0.00156823650436406,252,"Russell Martin",4616
433587,"batter",-0.0746772020234578,3,"Felix Hernandez",4772
433589,"batter",-0.000254287406746144,1,"Yusmeiro Petit",4020
434158,"batter",-0.0029785875953335,363,"Curtis Granderson",4747
434378,"batter",-0.0845054111711805,2,"Justin Verlander",8700
434538,"batter",0.03018680962631,2,"Francisco Liriano",3201
434658,"batter",-0.00684034939509674,26,"Rajai Davis",3708
434670,"batter",-0.00569922315238935,57,"Hanley Ramirez",8001
434671,"batter",-0.0552035193268549,63,"Anibal Sanchez",3284
434778,"batter",0.0155147669111758,202,"Kendrys Morales",8610
435062,"batter",0.0274987418914407,434,"Howie Kendrick",4229
435064,"batter",-0.0495242203820902,47,"Bobby Wilson",6564
435079,"batter",-0.0172345157287371,281,"Ian Kinsler",6195
435263,"batter",0.00121295869764156,331,"Brian McCann",4810
435522,"batter",0.00730017035147016,381,"Neil Walker",7539
435559,"batter",0.00495789844267622,343,"Kurt Suzuki",8259
435622,"batter",0.0042169873193215,482,"Ian Desmond",6885
443558,"batter",0.0273780842791248,529,"Nelson Cruz",2434
444432,"batter",0.00501196017260738,31,"Mark Trumbo",6876
444482,"batter",-0.00432966347014522,420,"David Peralta",2136
444489,"batter",-0.00120349682236248,178,"Manny Pina",2829
445055,"batter",-0.0114386643887787,182,"Jon Jay",5227
445276,"batter",-0.0910991554974643,1,"Kenley Jansen",3096
445926,"batter",0.00755340073644857,2,"Jesse Chavez",5448
445988,"batter",-0.012107520849481,261,"Martin Prado",3312
446263,"batter",-0.00219003557598522,118,"Lucas Duda",2502
446308,"batter",-0.00877867074475168,186,"Matt Wieters",4298
446321,"batter",-0.0638189764445626,2,"Ross Detwiler",2859
446334,"batter",0.00921268608154637,508,"Evan Longoria",9368
446359,"batter",-0.0211209351339617,108,"Zack Cozart",2616
446372,"batter",-0.0902370673572677,1,"Corey Kluber",2429
446481,"batter",-0.00636777165575607,139,"Sean Rodriguez",6589
446868,"batter",-0.0710009570178824,7,"Wilkin Castillo",5124
448179,"batter",-0.0446592917174906,21,"Rich Hill",4806
448281,"batter",-0.087611700998466,3,"Sean Doolittle",1581
448602,"batter",-0.0121033122998147,162,"Mark Reynolds",7619
448801,"batter",-0.00685276466945172,351,"Chris Davis",9272
448855,"batter",-0.0743093189108945,3,"Junior Guerra",5702
450203,"batter",-0.0902374100516049,2,"Charlie Morton",4676
450306,"batter",-0.0669872191410456,45,"Jason Vargas",8044
450314,"batter",-0.00332854105435623,176,"Ben Zobrist",7435
451192,"batter",-0.0702588086826599,5,"Jim Adduci",6448
451594,"batter",0.00446718330021373,610,"Dexter Fowler",4062
452095,"batter",-0.00749663621943785,309,"Tyler Flowers",9134
452254,"batter",0.009085453537189,316,"Hunter Pence",8252
452657,"batter",-0.0289961244608282,53,"Jon Lester",4930
452678,"batter",0.000536133327442889,545,"Asdrubal Cabrera",4962
453064,"batter",-0.00630543119599151,13,"Troy Tulowitzki",3531
453172,"batter",-0.0894527506175303,2,"Jared Hughes",9325
453281,"batter",0.00993230804020503,2,"Wade LeBlanc",5221
453284,"batter",-0.0920867395019835,1,"Blake Parker",5224
453286,"batter",-0.0500600308356154,67,"Max Scherzer",3137
453562,"batter",-0.033975965298597,50,"Jake Arrieta",4153
453568,"batter",0.0129104564793808,633,"Charlie Blackmon",7859
453943,"batter",-0.00170683384310049,502,"Todd Frazier",785
455104,"batter",-0.00100541140096734,163,"Chris Iannetta",8267
455117,"batter",-0.00377479529616801,394,"Martin Maldonado",6887
455139,"batter",0.00186064386000823,482,"Robinson Chirinos",3142
455976,"batter",0.0093801637748573,490,"Nick Markakis",5930
456030,"batter",-0.0333153047171528,21,"Dustin Pedroia",8370
456034,"batter",-0.0631485027651818,2,"David Price",3184
456051,"batter",-0.0727021710719692,5,"Hector Noesi",3292
456078,"batter",-0.00275694002889491,251,"Welington Castillo",3256
456124,"batter",-0.0363013111959934,53,"Erik Kratz",4403
456488,"batter",-0.0221887707906548,174,"Eduardo Nunez",6848
456501,"batter",-0.0846804140106587,4,"Johnny Cueto",6893
456665,"batter",-0.0159374927018302,100,"Steve Pearce",9957
456701,"batter",0.00740468750917791,5,"Homer Bailey",8362
456715,"batter",0.00179674245996056,627,"Lorenzo Cain",9077
456781,"batter",0.00813122044332578,228,"Donovan Solano",8623
457705,"batter",0.00896783374205588,262,"Andrew McCutchen",9847
457708,"batter",-0.000911136665322241,257,"Justin Upton",5222
457727,"batter",0.00365260893737547,276,"Cameron Maybin",5223
457759,"batter",0.0184547107671504,572,"Justin Turner",5235
457763,"batter",-5.55497355913787e-05,444,"Buster Posey",9166
457803,"batter",0.00675983994544903,334,"Jay Bruce",9892
457915,"batter",-0.0630413633610653,5,"Javy Guerra",7407
457918,"batter",-0.0709157909605926,4,"J. A. Happ",7410
458015,"batter",0.00896203289268813,607,"Joey Votto",4314
458681,"batter",-0.0900476153869691,2,"Lance Lynn",2520
458708,"batter",-0.058833966243788,7,"Josh Tomlin",9388
458731,"batter",-0.0080842168062051,590,"Brett Gardner",9927
459964,"batter",0.0105090521137318,249,"Matthew Joyce",3353
460026,"batter",-0.025493036343081,73,"Nick Hundley",3376
460075,"batter",0.0068174974680597,512,"Ryan Braun",3410
460077,"batter",-0.0291181016940243,49,"Drew Butera",3411
460086,"batter",0.00433707204728608,630,"Alex Gordon",5209
460576,"batter",-0.0104049666693427,99,"Carlos Gomez",4881
461314,"batter",-0.025791522630096,62,"Matt Kemp",5631
461829,"batter",-0.064656284251982,28,"Gio Gonzalez",7448
462101,"batter",-0.00286534506364788,650,"Elvis Andrus",8709
465041,"batter",-0.00873648415880609,163,"Francisco Cervelli",5275
466320,"batter",-0.00472904595981633,394,"Melky Cabrera",4022
467055,"batter",0.00768675257868083,294,"Pablo Sandoval",5409
467092,"batter",0.00303917416530106,519,"Wilson Ramos",1433
467100,"batter",-0.0562910861238472,5,"Ivan Nova",1994
467793,"batter",0.0137068738587865,676,"Carlos Santana",2396
467827,"batter",-0.00550456733409551,306,"Gerardo Parra",8553
468504,"batter",-0.0441435238588325,25,"Jhoulys Chacin",2608
471865,"batter",-0.0127841086008829,165,"Carlos Gonzalez",7287
474463,"batter",-0.00967949698945387,8,"Brett Anderson",8223
474568,"batter",-0.000270771565920044,270,"Jordy Mercer",6547
474832,"batter",0.0093408239254306,613,"Brandon Belt",10264
475174,"batter",-0.00167887722723329,333,"Yonder Alonso",2530
475247,"batter",-0.0120608713475085,22,"Ryan Flaherty",7888
475253,"batter",0.0163088530193431,498,"Justin Smoak",9054
475582,"batter",0.00379713719486492,250,"Ryan Zimmerman",4220
476451,"batter",-0.0387180393277452,13,"Jeremy Hellickson",4371
476704,"batter",-0.0440159073068095,8,"Jed Lowrie",4418
477132,"batter",-0.052939432014321,66,"Clayton Kershaw",2036
488671,"batter",0.0129993710145112,195,"Alex Avila",7476
488721,"batter",-0.0410536242935975,46,"Peter Bourjos",2578
488726,"batter",0.0155422260123994,711,"Michael Brantley",4106
488768,"batter",-0.067314644210523,3,"Andrew Cashner",8782
488771,"batter",0.0121035044231419,276,"Jason Castro",8722
489119,"batter",-0.0463045045121305,6,"Wade Miley",8779
489149,"batter",-0.0066528906186069,38,"Logan Morrison",9205
489334,"batter",-0.0865560769463582,1,"Craig Stammen",7274
491676,"batter",-0.015431960591387,57,"Gorkys Hernandez",4146
491696,"batter",-0.0136253634416877,67,"Jesus Sucre",5942
492802,"batter",-0.0228501027873055,18,"Juan Graterol",5398
493329,"batter",0.00140448445203504,687,"Yuli Gurriel",19198
493596,"batter",-0.0106696522404239,240,"Gordon Beckham",9015
500135,"batter",-0.00893261409369089,294,"Ronny Rodriguez",11875
500208,"batter",-0.0141167149017141,77,"Yangervis Solarte",5352
500743,"batter",-0.00360557753762417,524,"Miguel Rojas",7802
500779,"batter",-0.0597869494857854,63,"Jose Quintana",11423
500871,"batter",0.00169937854745927,696,"Eduardo Escobar",6153
500874,"batter",0.0101324459097754,386,"Jose Martinez",7996
501303,"batter",0.00183587470358494,235,"Ehire Adrianza",8418
501381,"batter",-0.0618530710247803,4,"Michael Pineda",5372
501571,"batter",-0.0198942390183925,283,"Juan Lagares",5384
501659,"batter",0.00634883967512347,38,"Abraham Almonte",5486
501896,"batter",0.0168045622545961,194,"David Freese",9549
501981,"batter",-0.000261148085349956,535,"Khris Davis",9112
501985,"batter",-0.0639018267735315,10,"Mike Minor",10021
502026,"batter",-0.089452681867469,1,"Jeremy Jeffress",9490
502042,"batter",-0.053264168992563,41,"Chris Archer",6345
502043,"batter",-0.0382135611655575,4,"Kyle Gibson",10123
502054,"batter",0.00855100624741457,677,"Tommy Pham",2967
502110,"batter",0.0241407571128108,649,"J. D. Martinez",6184
502117,"batter",-0.0228756276012951,82,"Kristopher Negron",5306
502188,"batter",-0.0656912134849532,56,"Jeff Samardzija",3254
502190,"batter",-0.0563222666683266,24,"Mike Leake",10130
502210,"batter",-0.00234633537888143,588,"Josh Reddick",3892
502239,"batter",-0.0210262533089865,3,"Trevor Cahill",6249
502273,"batter",-0.0153297485160476,213,"Mike Freeman",11241
502481,"batter",-0.0143160214306833,452,"Jarrod Dyson",4866
502517,"batter",-0.00599244230597852,478,"Daniel Murphy",4316
502570,"batter",-0.0492121806791071,15,"Rocky Gale",10533
502624,"batter",-0.0543340936251114,44,"Chase Anderson",6895
502671,"batter",0.011351861181274,719,"Paul Goldschmidt",9218
502706,"batter",-0.0669379847294591,16,"Derek Holland",4141
503556,"batter",0.00132979928467623,472,"Marwin Gonzalez",5497
504379,"batter",-0.0578787766373363,2,"Juan Nicasio",7731
506433,"batter",-0.0532441261145605,62,"Yu Darvish",13074
506702,"batter",-0.0237407303985104,191,"Sandy Leon",5273
506703,"batter",-0.0345382671168705,32,"Adrian Sanchez",11338
514888,"batter",0.0094186176902398,630,"Jose Altuve",5417
514913,"batter",-0.0628726783296517,9,"Ruben Tejada",5519
514917,"batter",-0.00643693906924409,663,"Cesar Hernandez",10556
516416,"batter",-0.00343694408953081,618,"Jean Segura",5933
516770,"batter",-0.00140109230793841,675,"Starlin Castro",4579
516782,"batter",0.00999250974076624,587,"Starling Marte",9241
517369,"batter",-0.0135657774591795,24,"Jose Pirela",5485
518452,"batter",-0.0372016278879958,10,"Chad Bettis",10587
518516,"batter",-0.0339257805730526,76,"Madison Bumgarner",5524
518542,"batter",-0.0064090307406191,18,"Juan Centeno",7168
518553,"batter",-0.055374462403901,2,"Steve Cishek",6483
518568,"batter",-0.0128238194642097,8,"Christian Colon",11145
518586,"batter",-0.0119345118802586,144,"Charlie Culberson",3298
518595,"batter",0.00214980431510893,416,"Travis d'Arnaud",7739
518614,"batter",-0.0144057077667184,196,"Daniel Descalso",8392
518618,"batter",0.0121870372226536,305,"Derek Dietrich",10542
518626,"batter",0.0187362649521633,679,"Josh Donaldson",5038
518633,"batter",-0.0673975510178882,4,"Danny Duffy",3542
518653,"batter",-0.0152306268313544,49,"Jake Elmore",7290
518692,"batter",0.0229289135435635,704,"Freddie Freeman",5361
518735,"batter",0.016004693682583,635,"Yasmani Grandal",11368
518792,"batter",0.00238558575877058,585,"Jason Heyward",4940
518876,"batter",-0.0606309847838425,60,"Merrill Kelly",11156
518934,"batter",0.0184567149830791,699,"DJ LeMahieu",9874
518960,"batter",-0.00171381831781694,327,"Jonathan Lucroy",7870
519008,"batter",-0.0818847277447159,5,"T. J. McFarland",3237
519048,"batter",0.0107554376436848,335,"Mitch Moreland",3086
519058,"batter",0.0100019082955093,583,"Mike Moustakas",4892
519076,"batter",-0.0905975974795128,3,"Jimmy Nelson",10547
519141,"batter",-0.0785946911241985,21,"Drew Pomeranz",11426
519144,"batter",-0.082477169752895,6,"Rick Porcello",2717
519203,"batter",0.020810826034231,610,"Anthony Rizzo",3473
519222,"batter",-0.00440337486186015,240,"Austin Romine",5491
519293,"batter",0.0554986279811579,2,"Will Smith",8048
519299,"batter",-0.00101025917627638,445,"Eric Sogard",7927
519317,"batter",0.0211811037421122,90,"Giancarlo Stanton",4949
519346,"batter",0.00311759752184844,460,"Eric Thames",3711
519390,"batter",0.0042671514394272,279,"Stephen Vogt",5000
519393,"batter",-0.0922262226975866,1,"Marcus Walden",8004
519455,"batter",-0.0916357518362616,2,"Jordan Zimmermann",4505
520471,"batter",-0.0101884626492772,589,"Freddy Galvis",6609
521655,"batter",-0.0705591085678778,4,"Wilmer Font",5257
523253,"batter",0.00149500723273164,367,"Logan Forsythe",7185
523260,"batter",-0.0908009761031759,3,"Joe Kelly",9761
527038,"batter",0.00569798917266908,285,"Wilmer Flores",5827
527048,"batter",-0.09068658897703,3,"Martin Perez",6902
527049,"batter",-0.0023953338282755,146,"Cesar Puello",7216
527054,"batter",-0.0524901819127224,61,"Julio Teheran",6797
534606,"batter",0.0112406956953928,26,"Ryan LaMarre",10700
541600,"batter",-0.0178324322321841,89,"Wilfredo Tovar",10416
541645,"batter",0.00479792562169293,549,"Avisail Garcia",5760
541650,"batter",-0.0171768051711767,246,"Hernan Perez",5751
542255,"batter",-0.008589064489624,228,"Ender Inciarte",4922
542303,"batter",0.0186797671462732,587,"Marcell Ozuna",10324
542340,"batter",-0.00211831297038883,714,"Jonathan Villar",10071
542364,"batter",-0.0124887979275639,99,"Rafael Ortega",10323
542436,"batter",-0.0173947313528612,24,"Cristhian Adames",6013
542454,"batter",0.0075195537133026,509,"Danny Santana",10322
542583,"batter",0.00697811071021116,371,"Jesus Aguilar",11342
542881,"batter",-0.05117541894769,8,"Tyler Anderson",12880
542882,"batter",-0.0763801686203578,6,"Matt Andriese",12022
542921,"batter",-0.00371804571708169,328,"Tim Beckham",7949
542932,"batter",-0.00233913521784286,287,"Jon Berti",12037
542960,"batter",0.0113966560530568,5,"Brad Brach",6627
542963,"batter",-0.0889703261554538,1,"Rob Brantly",10655
542979,"batter",-0.0273791596151214,230,"Keon Broxton",9253
543001,"batter",-0.0878351227556635,2,"Ryan Carpenter",12699
543022,"batter",-0.0456861242664302,21,"Tyler Chatwood",4338
543037,"batter",-0.0784338101159463,10,"Gerrit Cole",13125
543045,"batter",-0.0521204731794057,1,"Adam Conley",14457
543063,"batter",-0.0020712786133345,557,"Brandon Crawford",5343
543068,"batter",0.0138323513445213,502,"C. J. Cron",12546
543089,"batter",0.00624934873157367,20,"Taylor Davis",12782
543101,"batter",-0.0587865274765902,57,"Anthony DeSclafani",13050
543105,"batter",0.00787630159885,189,"Alex Dickerson",12649
543118,"batter",-0.00202887095804049,1,"Oliver Drake",8823
543135,"batter",-0.0473237539071398,2,"Nathan Eovaldi",9132
543148,"batter",-0.008448810347144,83,"Tim Federowicz",8609
543193,"batter",0.00349003816336854,4,"Drew Gagnon",12545
543194,"batter",-0.027637633958974,54,"Isaac Galloway",5238
543228,"batter",-0.00718889968023941,383,"Yan Gomes",9627
543243,"batter",-0.04987173479304,60,"Sonny Gray",12768
543257,"batter",0.000577233329240111,485,"Robbie Grossman",5254
543281,"batter",-0.0110893207994768,147,"Josh Harrison",8202
543294,"batter",-0.0473416243015164,64,"Kyle Hendricks",12049
543302,"batter",-0.00673458202705183,94,"Chris Herrmann",9284
543305,"batter",-0.0030864888178342,272,"Aaron Hicks",5297
543308,"batter",-0.0197754481220277,333,"John Hicks",12547
543309,"batter",-0.0306348668892392,57,"Kyle Higashioka",5517
543333,"batter",-0.00305006658097915,665,"Eric Hosmer",3516
543351,"batter",-0.0926682827337344,2,"Jay Jackson",7432
543376,"batter",-0.0167674529150736,41,"Caleb Joseph",7087
543377,"batter",-0.0243332137357847,68,"Corban Joseph",5503
543401,"batter",-0.00159013845586978,509,"Jason Kipnis",9776
543432,"batter",-0.00335820801184339,19,"Ryan Lavarnway",8879
543475,"batter",-0.0548987470922304,48,"Jordan Lyles",7593
543484,"batter",-0.0379976069626423,25,"Mikie Mahtook",13130
543510,"batter",0.00227205601554419,476,"James McCann",12859
543532,"batter",-0.0523916063245221,10,"Tim Melville",9149
543543,"batter",0.00792356487312847,170,"Brad Miller",12775
543548,"batter",-0.0719610599315807,2,"Tommy Milone",7608
543557,"batter",-0.0490802606229686,6,"Mike Montgomery",4869
543592,"batter",-0.00518676151295335,267,"Austin Nola",15941
543606,"batter",0.0150282108957979,3,"Jake Odorizzi",6397
543685,"batter",0.0262752449929792,711,"Anthony Rendon",12861
543699,"batter",-0.035837265030255,34,"Tanner Roark",8753
543760,"batter",0.0111048080741826,750,"Marcus Semien",12533
543768,"batter",-0.00835419611908194,268,"Travis Shaw",11982
543776,"batter",-0.00334681440053718,57,"JB Shuck",6677
543807,"batter",0.0211658263377534,640,"George Springer",12856
543829,"batter",-0.018553028590005,422,"Dee Strange-Gordon",8203
543877,"batter",-0.000708213177489604,518,"Christian Vazquez",9774
543883,"batter",-0.0887258846177486,3,"Nick Vincent",7555
543939,"batter",-0.00520912645316866,582,"Kolten Wong",12532
544369,"batter",-0.00827896917949952,378,"Didi Gregorius",6012
544725,"batter",-0.0164479465360737,618,"Leury Garcia",5913
544928,"batter",-0.0761418198701774,1,"Tyler Lyons",11334
544931,"batter",-0.0326307477576228,88,"Stephen Strasburg",10131
545121,"batter",-0.00867719592212042,211,"Ildemaro Vargas",13324
545333,"batter",-0.0454761805823082,22,"Trevor Bauer",12703
545341,"batter",-0.00446722821989174,630,"Randal Grichuk",10243
545350,"batter",-0.0188762418661942,331,"Jake Marisnick",11339
545358,"batter",-0.0207383239993189,147,"Max Stassi",10059
545361,"batter",0.0383513902209009,586,"Mike Trout",10155
546318,"batter",-0.0115904017490278,139,"Odubel Herrera",11476
546990,"batter",-0.0325990443251473,30,"Anthony Alford",14329
546991,"batter",-0.0111881383423999,359,"Albert Almora",14109
547004,"batter",-0.00622570145869535,413,"Rio Ruiz",14103
547170,"batter",-0.0164360598507996,68,"Nick Delmonico",13157
547172,"batter",-0.00846012999304634,408,"Tony Wolters",11470
547179,"batter",-0.0121136152119485,53,"Michael Lorenzen",14843
547180,"batter",0.0193779721386684,672,"Bryce Harper",11579
547379,"batter",-0.000117354879316473,450,"Roberto Perez",2900
547888,"batter",-0.0551992618468488,1,"Masahiro Tanaka",15764
547943,"batter",-0.0419454697389347,69,"Hyun Jin Ryu",14444
547982,"batter",-0.0174264580369575,265,"Leonys Martín",11846
547989,"batter",0.0113470104573374,690,"José Abreu",15676
548389,"batter",-0.0404252063750793,24,"Ross Stripling",13273
553869,"batter",-0.0107387066040845,332,"Elias Diaz",11680
553878,"batter",-0.0611868739167374,2,"Felipe Vazquez",12076
553882,"batter",0.00285066511328711,482,"Omar Narvaez",13338
553902,"batter",0.00256456080050923,205,"Willians Astudillo",15608
553993,"batter",0.0121507480279942,659,"Eugenio Suarez",12552
554340,"batter",-0.0789930779526083,2,"Yimi Garcia",12095
554430,"batter",-0.03176346265377,64,"Zach Wheeler",10310
570240,"batter",-0.0591548928644447,2,"Felix Pena",13403
570256,"batter",-0.00505192522140047,166,"Gregory Polanco",12907
570267,"batter",0.007659404341819,506,"Domingo Santana",10348
570481,"batter",-0.0229370251778539,153,"Erik Gonzalez",13369
570482,"batter",0.00991468106024903,510,"Gio Urshela",10681
570560,"batter",-0.0135123266763238,554,"Carlos Sanchez",11602
570632,"batter",-0.0758041512788728,22,"Jose Urena",11589
570666,"batter",-0.0957345028958479,1,"Luis Cessa",13345
570731,"batter",-0.00221561719166952,465,"Jonathan Schoop",11265
571431,"batter",0.00180869364550807,336,"Matt Adams",9393
571437,"batter",-0.0331609377318152,66,"Aaron Altherr",11270
571448,"batter",0.00831400471337309,652,"Nolan Arenado",9777
571466,"batter",-0.00771219575934948,357,"Tucker Barnhart",10200
571467,"batter",-0.0547145597098126,10,"Steven Baron",9787
571506,"batter",-0.00584722391559918,170,"Justin Bour",9744
571510,"batter",-0.0285435751569296,2,"Matt Boyd",15440
571539,"batter",-0.0868249913932097,1,"Matt Carasiti",13276
571578,"batter",-0.0572022024891489,77,"Patrick Corbin",9323
571595,"batter",-0.0742248212292138,2,"Noel Cuevas",11894
571657,"batter",-0.010118552610853,198,"Kyle Farmer",14813
571670,"batter",-0.0848434117988762,2,"Dylan Floro",13394
571679,"batter",-0.00509346450855213,20,"David Freitas",10619
571697,"batter",-0.0226202775767821,139,"Scooter Gennett",10339
571718,"batter",-0.00428126274499613,456,"Brian Goodwin",12858
571740,"batter",-0.020241462496428,353,"Billy Hamilton",10199
571745,"batter",0.0035794279874297,284,"Mitch Haniger",14274
571771,"batter",-0.00198460974524557,465,"Enrique Hernandez",10472
571788,"batter",-0.00383967179857456,294,"Brock Holt",9345
571863,"batter",-0.089057161213601,6,"Matt Koch",13420
571875,"batter",0.00761437053344656,225,"Jake Lamb",13329
571912,"batter",-0.0143666777143668,129,"Luke Maile",13355
571917,"batter",-0.0684870908296371,3,"Parker Markel",12106
571918,"batter",-0.0319756906300411,5,"Deven Marrero",13325
571927,"batter",-0.0215540187327329,61,"Steven Matz",13361
571945,"batter",-0.0546624995601748,65,"Miles Mikolas",9803
571946,"batter",0.0419685072948906,3,"Shelby Miller",10197
571970,"batter",0.0196902576408617,609,"Max Muncy",13301
571974,"batter",-0.00752761414556771,70,"J. R. Murphy",10346
571976,"batter",-0.000196597918779963,493,"Wil Myers",10047
571980,"batter",-0.000571801376888077,294,"Tyler Naquin",13359
572008,"batter",-0.0253680450855749,196,"Chris Owings",10030
572020,"batter",-0.0883383918134408,8,"James Paxton",11828
572033,"batter",-0.0104840918406738,344,"Josh Phegley",9308
572039,"batter",0.000800816769656239,394,"Stephen Piscotty",13367
572041,"batter",-0.00131118929400599,355,"AJ Pollock",9256
572070,"batter",-0.0842633939707633,3,"Garrett Richards",9784
572073,"batter",-0.0127748106603161,189,"Joey Rickard",13277
572122,"batter",0.0103788900886235,443,"Kyle Seager",9785
572140,"batter",-0.0210370520662051,3,"Tyler Skaggs",10190
572143,"batter",-0.0909420522329933,1,"Burch Smith",12784
572191,"batter",-0.0152820706282948,120,"Michael Taylor",11489
572228,"batter",0.0154372947610076,508,"Luke Voit",14811
572233,"batter",0.0125457966891471,599,"Christian Walker",13419
572287,"batter",-0.0123613898796068,289,"Mike Zunino",13265
572362,"batter",-0.0691354918972891,4,"Robbie Erlin",10354
572365,"batter",-0.014246693942873,162,"Ryan Goins",9807
572761,"batter",0.00241598995538215,509,"Matt Carpenter",8090
572816,"batter",0.00489241473337921,275,"Corey Dickerson",10762
572821,"batter",0.00285435701398548,487,"Brian Dozier",9810
572863,"batter",-0.00563352445275706,101,"Dustin Garneau",9433
572971,"batter",-0.064436852701713,43,"Dallas Keuchel",9434
573135,"batter",-0.021935312567871,71,"Tyler Saladino",10807
573186,"batter",-0.0622572727435307,25,"Marcus Stroman",13431
573262,"batter",0.00684430775285723,410,"Mike Yastrzemski",14854
575929,"batter",0.00722504580670585,407,"Willson Contreras",11609
576397,"batter",-0.0105622066136436,101,"Jedd Gyorko",10816
578428,"batter",-0.00845401104582651,527,"José Iglesias",10231
579328,"batter",-0.0595552106272392,2,"Yusei Kikuchi",20633
584171,"batter",-0.0922262050629949,1,"Hector Velazquez",19341
588751,"batter",-0.00640459507019495,225,"Adeiny Hechavarria",10459
591720,"batter",-0.0499700246496085,17,"Ronald Torreyes",11400
591741,"batter",0.0030776038641597,286,"Jose Osuna",12937
591971,"batter",-0.015059406829473,52,"Breyvic Valera",12758
592102,"batter",-0.0885423922548759,1,"Cody Allen",12183
592122,"batter",-0.000667125184281633,178,"Tyler Austin",11850
592178,"batter",0.00830106578331959,633,"Kris Bryant",15429
592192,"batter",0.0116050414865959,500,"Mark Canha",11445
592200,"batter",-0.00214742805729427,236,"Curt Casali",12510
592206,"batter",0.0129194985311929,664,"Nick Castellanos",11737
592229,"batter",-0.0841719304991,2,"Dylan Covey",14825
592230,"batter",-0.0273652253732965,26,"Kaleb Cowart",11494
592261,"batter",-0.0135807560880211,408,"Delino DeShields",11379
592273,"batter",-0.00303047206212092,447,"Brandon Drury",11615
592314,"batter",-0.0651173937841866,40,"Mike Foltynewicz",10811
592325,"batter",-0.00651256030728441,357,"Ben Gamel",12160
592332,"batter",-0.0690697471657349,27,"Kevin Gausman",14107
592346,"batter",-0.0690138834971032,24,"Chi Chi Gonzalez",14663
592348,"batter",-0.00579490102770356,474,"Niko Goodrum",12092
592351,"batter",-0.0508579592919652,59,"Jon Gray",14916
592387,"batter",0.00327823606435133,187,"Ryon Healy",15447
592407,"batter",-0.00873990586614604,127,"Bryan Holaday",11287
592444,"batter",-0.000770609332029641,332,"JaCoby Jones",14818
592450,"batter",0.0245606573969077,485,"Aaron Judge",15640
592468,"batter",-0.0334334895442665,8,"Nick Kingham",11694
592518,"batter",0.00787778669074228,659,"Manny Machado",11493
592567,"batter",0.0008581809050268,499,"Colin Moran",16909
592612,"batter",-0.0911938012099561,1,"Josh Osich",11528
592620,"batter",-0.0332133090644808,15,"Jarrett Parker",11624
592626,"batter",0.0104093309734213,530,"Joc Pederson",11899
592644,"batter",-0.068056879501014,2,"Adam Plutko",15846
592660,"batter",0.0100683993939776,43,"Rangel Ravelo",10839
592662,"batter",-0.0629513781500356,60,"Robbie Ray",11486
592663,"batter",0.00461257554357579,592,"J. T. Realmuto",11739
592669,"batter",-0.00153720486077188,494,"Hunter Renfroe",15464
592680,"batter",-0.0273766371172746,66,"Yadiel Rivera",11863
592685,"batter",-0.059241486468642,7,"Drew Robinson",11761
592696,"batter",0.00134673769010545,602,"Eddie Rosario",12155
592716,"batter",-0.0710739034441853,2,"Adrian Sampson",13339
592717,"batter",-0.0146487214013617,2,"Aaron Sanchez",11490
592741,"batter",0.106480557997174,1,"Chasen Shreve",10855
592743,"batter",-0.0133568191773416,423,"Andrelton Simmons",10847
592761,"batter",-0.0393975790417862,49,"Caleb Smith",14875
592767,"batter",-0.0662802862266759,20,"Drew Smyly",11760
592779,"batter",-0.0261609356063745,3,"Brock Stewart",16727
592789,"batter",-0.0488568912890304,69,"Noah Syndergaard",11762
592791,"batter",-0.0541069673390243,11,"Jameson Taillon",11674
592826,"batter",-0.0262965071376474,36,"Vince Velasquez",11189
592859,"batter",-0.0181529912704946,362,"Stevie Wilkerson",16041
592863,"batter",0.00643869877913896,34,"Mason Williams",11859
592865,"batter",-0.0922108744729649,1,"Taylor Williams",14899
592866,"batter",-0.0445114122598236,44,"Trevor Williams",16977
592879,"batter",-0.0853386691256105,1,"Asher Wojciechowski",10836
592885,"batter",0.0286919709111964,564,"Christian Yelich",11477
593160,"batter",0.000329512019959166,730,"Whit Merrifield",11281
593334,"batter",-0.090304323432508,8,"Domingo German",17149
593372,"batter",-0.0888336893597788,2,"Carlos Martinez",11682
593423,"batter",0.0274151753418917,2,"Frankie Montas",14309
593428,"batter",0.0101209138553931,698,"Xander Bogaerts",12161
593523,"batter",-0.021253864606193,156,"Marco Hernandez",13154
593528,"batter",-0.0210079389982996,21,"Jorge Bonifacio",12174
593576,"batter",-0.0903096187087144,1,"Hector Neris",11804
593643,"batter",-0.004058156219811,549,"Hanser Alberto",11902
593647,"batter",-0.0273823881979176,43,"Socrates Brito",12944
593700,"batter",-0.0362426720947026,47,"Alen Hanson",12926
593833,"batter",-0.0893089940041627,1,"Wander Suero",15855
593871,"batter",0.00659000179897828,716,"Jorge Polanco",13152
593934,"batter",0.0117093292160416,452,"Miguel Sano",12164
593958,"batter",-0.0621914569976374,9,"Eduardo Rodriguez",13164
594011,"batter",-0.0175235115298539,118,"Rosell Herrera",11611
594311,"batter",-0.0912971114877325,1,"Jandel Gustave",14665
594577,"batter",-0.0922261946215952,1,"Mike Mayers",15451
594694,"batter",-0.0147169940039838,141,"Wilmer Difo",14320
594777,"batter",0.00769696030892274,626,"Kole Calhoun",11200
594798,"batter",-0.0255241551832182,70,"Jacob deGrom",10954
594807,"batter",0.00200401625577133,141,"Adam Duvall",10950
594809,"batter",0.00341849963358749,731,"Adam Eaton",11205
594824,"batter",-0.00769490595943549,371,"Greg Garcia",10951
594835,"batter",-0.0471941468210909,6,"Marco Gonzales",15467
594838,"batter",-0.00088329453305735,68,"Philip Gosselin",10953
594840,"batter",-0.0894863522856895,3,"Matt Grace",11449
594953,"batter",-0.0302674409595932,93,"Daniel Palka",14897
594965,"batter",-0.0521750371998372,12,"Daniel Ponce de Leon",16110
594986,"batter",-0.0203059909473862,3,"Kyle Ryan",11753
594987,"batter",-0.0654582536737517,3,"Casey Sadler",11209
594988,"batter",-0.0188388182793667,95,"Scott Schebler",12225
595191,"batter",-0.0614093335672586,19,"Jerad Eickhoff",12664
595222,"batter",-0.0467884390590722,26,"Mike Gerber",16115
595281,"batter",-0.0105811461068202,501,"Kevin Kiermaier",11038
595284,"batter",-0.00677127932513865,158,"Andrew Knapp",14942
595375,"batter",-0.0177609072687558,139,"JT Riddle",17642
595453,"batter",0.0208689577733749,54,"Chad Wallach",17161
595465,"batter",-0.0918770558730515,1,"Dan Winkler",12237
595751,"batter",0.000437980896075484,464,"Jorge Alfaro",12180
595777,"batter",0.00112404436128203,523,"Jurickson Profar",10815
595798,"batter",0.144847533218209,1,"R. J. Alaniz",10819
595879,"batter",0.00313509189457771,558,"Javier Baez",12979
595881,"batter",-0.0556400153069413,43,"Tyler Beede",16981
595885,"batter",-0.00998604718885495,42,"Greg Bird",14131
595909,"batter",0.0100511926530913,232,"Jake Cave",14477
595956,"batter",-0.0146022237259313,142,"Cam Gallagher",12981
595978,"batter",-0.0139117061438808,344,"Austin Hedges",12976
595981,"batter",-0.0105055663291192,85,"Scott Heineman",14453
596001,"batter",-0.055244438648428,2,"Jakob Junis",13619
596012,"batter",-0.0184161419398247,51,"Kevin Kramer",17689
596019,"batter",0.00201088693611384,646,"Francisco Lindor",12916
596043,"batter",-0.0904261707152759,2,"Daniel Mengden",16980
596057,"batter",-0.0756940623421925,6,"Daniel Norris",13475
596059,"batter",0.000856801708153452,581,"Rougned Odor",12282
596103,"batter",0.00256609676106613,192,"Austin Slater",16153
596105,"batter",-0.00679459184076846,393,"Dwight Smith",13473
596112,"batter",-0.09179666336965,1,"Robert Stephenson",13594
596115,"batter",0.00517423134372123,659,"Trevor Story",12564
596117,"batter",-0.0146617801395396,39,"Garrett Stubbs",18067
596119,"batter",-0.020458034914724,99,"Blake Swihart",13176
596129,"batter",0.009456858482206,558,"Dan Vogelbach",14130
596133,"batter",-0.0514115077181498,21,"Luke Weaver",16918
596142,"batter",0.0127308561891696,479,"Gary Sanchez",11442
596144,"batter",-0.00561275359738096,329,"Cheslor Cuthbert",10473
596146,"batter",0.00665800455000264,610,"Max Kepler",12144
596451,"batter",-0.0121596194758,122,"Roman Quinn",13546
596748,"batter",-0.0042376894442784,409,"Maikel Franco",12179
596825,"batter",-0.0127985586645034,80,"Robel Garcia",13167
596847,"batter",0.0138227496162005,510,"Ji-Man Choi",5452
598264,"batter",-0.0922261944900933,1,"Matt Barnes",12863
598265,"batter",0.000524805359171651,564,"Jackie Bradley",12984
598271,"batter",-0.0886395973472493,1,"Brian Johnson",14272
598284,"batter",-0.0162665670390396,47,"Peter O'Brien",13288
598286,"batter",-0.0886516797536914,1,"Nick Ramirez",12575
600303,"batter",0.0123955756813552,322,"Tommy La Stella",12371
600466,"batter",-0.0483250109739655,11,"Raudy Read",15766
600474,"batter",0.00400127415939545,343,"Pedro Severino",14523
600524,"batter",0.00403218760569488,598,"Renato Nunez",14503
600858,"batter",-0.0204674849034356,135,"Humberto Arteaga",13595
600869,"batter",-0.00257704674046457,385,"Jeimer Candelario",13621
600968,"batter",-0.0657321892361929,1,"Randy Rosario",14508
601713,"batter",-0.0714526947711413,27,"Nick Pivetta",15454
602074,"batter",-0.023022892000659,105,"Yonathan Daza",15794
602922,"batter",-0.018090993461945,158,"Jose Rondon",14140
605113,"batter",0.000857308275400818,624,"Nick Ahmed",12147
605119,"batter",0.00628090068186461,519,"Brian Anderson",18289
605131,"batter",-0.017129798686027,239,"Austin Barnes",12158
605135,"batter",-0.048286608903867,5,"Chris Bassitt",12304
605137,"batter",0.0189576108787583,602,"Josh Bell",13145
605141,"batter",0.0255872708237942,702,"Mookie Betts",13611
605151,"batter",-0.0881285888669942,1,"Archie Bradley",12918
605154,"batter",0.152109158760505,1,"John Brebbia",12777
605156,"batter",-0.0750492862481782,4,"Aaron Brooks",12272
605164,"batter",-0.0922150953835424,2,"Dylan Bundy",12917
605170,"batter",0.00808937884917127,279,"Victor Caratini",14968
605182,"batter",-0.0827596273086562,2,"Mike Clevinger",12808
605196,"batter",0.00840826878081448,78,"Kevin Cron",16211
605200,"batter",-0.0466498079380671,55,"Zach Davies",13183
605204,"batter",0.0193949306468799,451,"J. D. Davis",16219
605233,"batter",-0.00813504133434455,168,"Derek Fisher",16192
605244,"batter",-0.0318031414244982,46,"Aramis Garcia",16925
605253,"batter",-0.00921973568640271,58,"Terrance Gore",13658
605276,"batter",-0.052740291185317,4,"David Hess",16130
605280,"batter",-0.0847681271020049,5,"Clay Holmes",13649
605288,"batter",-0.0575306026824197,27,"Adrian Houser",12718
605347,"batter",-0.0119045725420244,2,"Jorge Lopez",14527
605361,"batter",-0.00644095965876294,109,"Nick Martini",12005
605397,"batter",-0.0290321199506811,61,"Joe Musgrove",12970
605400,"batter",-0.0443218351764124,70,"Aaron Nola",16149
605412,"batter",-0.00250187843522623,489,"Joe Panik",11936
605421,"batter",-0.00476027956248882,55,"Michael Perez",12977
605439,"batter",-0.0850303413465103,8,"Michael Reed",13228
605446,"batter",-0.0540651927052155,29,"Dereck Rodriguez",14509
605452,"batter",-0.0609344662807965,21,"Joe Ross",12972
605474,"batter",-0.0274836194619813,80,"Matt Skole",12119
605480,"batter",-0.0206054238809743,569,"Mallex Smith",13608
605486,"batter",-0.0236303430235353,101,"Cory Spangenberg",12294
605490,"batter",-0.021507253467616,197,"Bubba Starling",13356
605498,"batter",-0.0460966578567292,3,"Andrew Suarez",18300
605508,"batter",-0.0143567434769856,156,"Charlie Tilson",12983
605513,"batter",-0.0903039452261794,8,"Spencer Turnbull",16207
605520,"batter",-0.0899740655850107,2,"Mitch Walding",13006
605538,"batter",-0.00521685604435122,1,"Matt Wisler",12804
605540,"batter",-0.0248120787044187,50,"Brandon Woodruff",16162
605548,"batter",-0.0471984252905048,14,"Bradley Zimmer",16221
605612,"batter",-0.0115277645393714,369,"Harold Castro",14691
606115,"batter",-0.00939680262290846,545,"Orlando Arcia",13185
606131,"batter",-0.0516429708868924,7,"Luis Perdomo",14682
606132,"batter",-0.0103366104251898,447,"Raimel Tapia",14350
606149,"batter",-0.0673923068122588,3,"Giovanny Gallegos",14986
606157,"batter",0.00480873387190344,223,"Aristides Aquino",15482
606162,"batter",-0.0336841281151325,2,"Yefry Ramirez",15655
606192,"batter",-0.00291789180437958,463,"Teoscar Hernandez",13066
606273,"batter",-0.0826395995903255,1,"Roenis Elias",12673
606299,"batter",-0.0087985858832708,405,"Jose Peraza",13593
606424,"batter",-0.088747134028043,1,"Jarlin Garcia",18282
606466,"batter",0.0154273569149153,626,"Ketel Marte",13613
606956,"batter",-0.00678674218322475,25,"Ryan Court",12268
606959,"batter",-0.0570527510721118,1,"Rookie Davis",14962
606988,"batter",-0.0206431823072322,224,"Grayson Greiner",17062
606992,"batter",-0.0258353852365071,17,"Eric Haase",14111
607043,"batter",0.00239846171430448,252,"Brandon Nimmo",12927
607054,"batter",-0.00707166012854395,108,"Jace Peterson",12325
607192,"batter",-0.0496641942701021,2,"Tyler Glasnow",14374
607200,"batter",-0.0537783861559531,20,"Erick Fedde",17425
607208,"batter",0.000952095239509292,646,"Trea Turner",16252
607219,"batter",-0.071617720902695,2,"Sal Romano",13690
607223,"batter",-0.0312969338299309,49,"A. J. Reed",16246
607229,"batter",0.110941025746754,1,"Robert Gsellman",13696
607231,"batter",-0.0793691241040017,3,"John Gant",13684
607333,"batter",0.023686591237235,30,"Beau Taylor",12384
607345,"batter",0.0108212994653167,211,"Kevan Smith",12284
607391,"batter",-0.0794097864680466,3,"Chris Mazza",14151
607461,"batter",-0.00033601255361866,274,"Matt Beaty",17710
607468,"batter",0.00661822682837372,50,"Alex Blandino",16271
607536,"batter",-0.0476254987121383,31,"Kyle Freeland",16256
607572,"batter",-0.0923439226907771,1,"Sam Howard",16265
607625,"batter",0.0757458047814379,1,"Seth Lugo",12447
607644,"batter",-0.0249220431186629,3,"John Means",16269
607680,"batter",-0.00707134194820319,641,"Kevin Pillar",12434
607732,"batter",0.000209038987345182,207,"Jacob Stallings",13723
607752,"batter",-0.00946018597855851,155,"Sam Travis",16263
607776,"batter",-0.0160733761602487,144,"Mac Williamson",14158
608070,"batter",0.00597664831685757,541,"Jose Ramirez",13510
608324,"batter",0.0165523593770571,764,"Alex Bregman",17678
608331,"batter",-0.0242974630931906,65,"Max Fried",13743
608334,"batter",-0.00370971666497598,1,"Carson Fulmer",18311
608336,"batter",0.0225324864768794,293,"Joey Gallo",14128
608337,"batter",-0.0354933580514809,4,"Lucas Giolito",15474
608339,"batter",-0.0251153772779374,16,"Zach Green",14973
608344,"batter",-0.0174860068395097,8,"Cole Irvin",19244
608348,"batter",0.00827473432959108,356,"Carson Kelly",13620
608365,"batter",-0.0094560329752411,240,"Addison Russell",14106
608369,"batter",0.00224257558682454,559,"Corey Seager",13624
608371,"batter",-0.0764770010915957,8,"Lucas Sims",13470
608379,"batter",-0.0658413313556817,39,"Michael Wacha",14078
608384,"batter",-0.0159461007166365,112,"Nick Williams",14330
608385,"batter",0.0109374141714363,383,"Jesse Winker",13590
608475,"batter",-0.00944787422551113,287,"Dawel Lugo",14713
608566,"batter",-0.0333776472285815,58,"German Marquez",15038
608577,"batter",0.00530600855127179,471,"Nomar Mazara",14553
608596,"batter",-0.00535525186695127,281,"Tom Murphy",13499
608597,"batter",0.00441796333974415,295,"Ronald Guzman",14388
608638,"batter",-0.0900104863458326,1,"J. T. Chargois",13767
608671,"batter",-0.0272920398815155,24,"Travis Jankowski",13768
608686,"batter",-0.0365069046053524,65,"Jack Mayfield",15402
608700,"batter",-0.00909159695057848,174,"Kevin Plawecki",13807
608715,"batter",-0.040106478692856,48,"Eric Stamets",13795
608717,"batter",-0.0752277939876178,4,"Chris Stratton",13761
608718,"batter",-0.0704393388692118,2,"Brent Suter",13942
608723,"batter",-0.0367201275640105,10,"Austin Voth",15047
609275,"batter",-0.0131644201133713,445,"Adalberto Mondesi",13769
609280,"batter",-0.0365157013372481,50,"Miguel Andujar",15878
612672,"batter",-0.078074092385845,5,"Wei-Yin Chen",13071
613534,"batter",-0.096020003518714,1,"Austin Adams",13801
614173,"batter",0.00545563871250122,20,"Franchy Cordero",14567
614177,"batter",0.0118757262628113,547,"Franmil Reyes",14566
615698,"batter",-0.0609844757106151,30,"Cal Quantrill",19312
620439,"batter",-0.0346034424887891,58,"Franklin Barreto",15519
620443,"batter",-0.00227449303057271,16,"Luis Torrens",15905
620446,"batter",-0.0264868602658859,80,"Richard Urena",16411
620453,"batter",-0.0425592850188343,9,"Deivy Grullon",15988
621002,"batter",-0.0112157239187152,237,"Daniel Robertson",14145
621005,"batter",-0.0121967730148982,130,"Tim Lopes",14137
621006,"batter",-0.0217584729853038,310,"Richie Martin",17736
621020,"batter",0.0075482062295002,562,"Dansby Swanson",18314
621028,"batter",-0.00509822311091428,530,"Kevin Newman",17696
621035,"batter",-0.00610722590300077,422,"Chris Taylor",13757
621043,"batter",0.0153565685557085,396,"Carlos Correa",14162
621086,"batter",-0.0674654575495491,4,"James Marvel",19675
621097,"batter",-0.0210231222043124,3,"Jacob Waguespack",18318
621107,"batter",-0.0387589434868876,52,"Zach Eflin",13774
621111,"batter",-0.0478279589004605,70,"Walker Buehler",19374
621141,"batter",-0.0174042948130167,7,"Walker Lockett",13804
621199,"batter",-0.000260943282077599,1,"Matthew Bowman",13528
621219,"batter",-0.0721897100931236,12,"Alec Mills",13834
621244,"batter",-0.0506656797610507,5,"Jose Berrios",14168
621249,"batter",-0.0921597076704954,1,"Duane Underwood",14677
621261,"batter",-0.0801372596156177,3,"Corey Oswalt",13677
621311,"batter",0.00586721595017782,413,"David Dahl",13744
621381,"batter",-0.0156092997211351,27,"Matt Strahm",13799
621389,"batter",-0.0878776499272375,1,"Ty Blach",14361
621433,"batter",-0.0238828602366573,79,"Brett Phillips",14735
621438,"batter",-0.00541026216474766,12,"Tyrone Taylor",13675
621439,"batter",-0.00620586952379003,294,"Byron Buxton",14161
621446,"batter",-0.0243793274855149,249,"Lewis Brinson",14352
621450,"batter",-0.00224808200718483,11,"Skye Bolt",17723
621453,"batter",-0.0148199228531389,283,"Steven Duggar",17719
621458,"batter",0.0263400583052942,56,"Edwin Rios",18316
621466,"batter",-0.00308589022136074,142,"DJ Stewart",17766
621493,"batter",-0.0121786100624329,48,"Taylor Ward",17548
621512,"batter",-0.0218491810858551,143,"Tomas Nido",13755
621514,"batter",0.000254084777519031,413,"Christin Stewart",17714
621529,"batter",-0.0931497917250201,1,"Joe Hudson",14412
621532,"batter",-0.0462827299993052,56,"Anthony Bemboom",13854
621550,"batter",-0.0402217317623135,28,"Patrick Wisdom",13602
621559,"batter",-0.0287127896715846,35,"Max Moroff",14556
621563,"batter",-0.00914751784715316,273,"Joey Wendle",13853
621566,"batter",0.01969426570638,544,"Matt Olson",14344
621573,"batter",-0.00685624633457139,188,"Austin Dean",18288
622046,"batter",-0.0338624652766663,20,"Chris Shaw",17738
622065,"batter",-0.0692282933655443,25,"Alex Young",18333
622072,"batter",-0.0566091491269388,12,"Alex Wood",13781
622075,"batter",-0.0596509171240105,5,"Yency Almonte",15068
622103,"batter",-0.0935674795062295,1,"Gerardo Reyes",16306
622110,"batter",-0.00193088778797254,174,"Matt Duffy",13836
622168,"batter",-0.0224015554863405,182,"Yairo Munoz",16313
622226,"batter",-0.0750483960770987,1,"Dylan Cozens",15115
622268,"batter",-0.0195182522384506,19,"Donovan Walton",19314
622491,"batter",-0.0601495685489368,66,"Luis Castillo",15689
622492,"batter",-0.0894600486857482,1,"Keury Mella",15964
622534,"batter",-0.0135529917796021,441,"Manuel Margot",14712
622554,"batter",-0.0918503854265059,1,"Seranthony Dominguez",19249
622569,"batter",-0.0235183700716839,157,"Pablo Reyes",16357
622608,"batter",-0.0686759593807413,46,"Antonio Senzatela",15488
622666,"batter",-0.00860534132555035,246,"Johan Camargo",14950
622682,"batter",-0.00801349088082154,292,"Victor Reyes",15487
622694,"batter",-0.0689045136900374,24,"Elieser Hernandez",16933
622766,"batter",-0.0945956993231812,1,"Miguel Diaz",18815
622772,"batter",-0.0911937667151217,1,"Jimmy Cordero",15690
622786,"batter",-0.0707085641783928,6,"Jesus Tinoco",16300
622797,"batter",-0.08682521531065,1,"Pedro Payano",18313
623149,"batter",-0.00651350099132324,1,"Paul Sewald",13892
623167,"batter",0.024728197163346,2,"Chris Flexen",13896
623168,"batter",-0.0316837423185975,12,"Tyler Heineman",13897
623180,"batter",-0.00626745494631905,33,"Seth Mejias-Brean",13905
623184,"batter",-0.0883829871901184,1,"Scott Oberg",13911
623205,"batter",-0.0476715666525795,24,"Andrew Velazquez",14196
623214,"batter",-0.026713580757637,8,"Abiatal Avelino",15496
623323,"batter",-0.0421359030305192,60,"Braden Bishop",17806
623352,"batter",-0.084989641580496,2,"Josh Hader",14212
623364,"batter",-0.0807252155078543,2,"Brad Wieck",16390
623454,"batter",-0.0916973864592551,1,"Drew Anderson",15130
623515,"batter",-0.0275069545672287,4,"Drew Jackson",17807
623520,"batter",-0.00121162337926194,354,"David Bote",14593
623912,"batter",-0.00575074135719381,445,"Harold Ramirez",14387
623993,"batter",-9.49622852483438e-05,406,"Anthony Santander",14551
624133,"batter",-0.0633691991993666,5,"Ranger Suarez",17277
624407,"batter",-0.0335988630441603,22,"Tzu-Wei Lin",14678
624413,"batter",0.018081236294562,687,"Pete Alonso",19251
624414,"batter",-0.0100765914408661,57,"Christian Arroyo",16434
624415,"batter",0.00806684393948305,430,"Cavan Biggio",19252
624419,"batter",-0.0486561584166226,6,"Nick Ciuffo",16291
624424,"batter",0.0149874672390648,643,"Michael Conforto",16376
624428,"batter",-0.000145855480525369,605,"Adam Frazier",15223
624431,"batter",-0.0162138805901949,127,"Jose Trevino",16725
624512,"batter",-0.00390330677075039,105,"Reese McGuire",15674
624513,"batter",-0.03252527614383,43,"Dom Nunez",15055
624577,"batter",0.00253567357051607,611,"Yasiel Puig",14225
624585,"batter",0.021818655230499,677,"Jorge Soler",14221
624641,"batter",0.0188109055259921,10,"Edmundo Sosa",17022
625510,"batter",-0.0321632921732189,27,"Erick Mejia",15817
625643,"batter",-0.0850049888362536,4,"Reynaldo Lopez",16400
628317,"batter",-0.0421040700958892,61,"Kenta Maeda",18498
628338,"batter",-0.00698432611454232,232,"Guillermo Heredia",18721
628356,"batter",-0.00550924397790812,185,"Jung Ho Kang",17182
628452,"batter",-0.0764853216145981,2,"Raisel Iglesias",17130
628711,"batter",-0.0556920023967632,19,"Julio Urias",14765
630023,"batter",-0.0893385556475411,2,"Yonny Chirinos",16401
630111,"batter",-0.0710708908375733,6,"Yasmany Tomás",17171
640447,"batter",-0.00400553441137466,261,"Phil Ervin",14738
640449,"batter",-0.00152931822590695,246,"Clint Frazier",15983
640457,"batter",0.0132074966908929,614,"Austin Meadows",15672
640458,"batter",-0.00632317311762401,482,"Oscar Mercado",16375
640460,"batter",-0.0288085387932391,47,"Dustin Peterson",15189
640461,"batter",0.000380023551321347,370,"Chad Pinder",15191
640470,"batter",-0.0671458449368294,6,"Adbert Alzolay",17859
641149,"batter",-0.0246266853850998,3,"Wes Parsons",14764
641154,"batter",-0.0459578351864619,36,"Pablo Lopez",17085
641312,"batter",-0.0577295205133446,28,"Shaun Anderson",19453
641313,"batter",-0.000454538026784396,519,"Tim Anderson",15172
641343,"batter",-0.00826729215637007,423,"Jake Bauers",15194
641355,"batter",0.0298710585797822,661,"Cody Bellinger",15998
641432,"batter",0.00204119119072675,337,"Willie Calhoun",17838
641438,"batter",-0.094617343881597,1,"Shane Carle",15258
641470,"batter",0.00129655094505304,101,"Zack Collins",19181
641477,"batter",-0.0153572702047844,248,"Ryan Cordell",15181
641487,"batter",-0.00781630812410276,399,"J. P. Crawford",15491
641505,"batter",-0.00821149958238378,95,"Jonathan Davis",15104
641513,"batter",-0.01052218382024,186,"Travis Demeritte",15958
641525,"batter",-0.0043508351742329,421,"Brandon Dixon",15214
641531,"batter",0.00563606348340851,585,"Hunter Dozier",15117
641541,"batter",-0.0800469137153642,8,"Jon Duplantier",19546
641553,"batter",-0.0125456746970483,248,"Adam Engel",15082
641584,"batter",-0.047030330591112,41,"Jake Fraley",19260
641598,"batter",0.0159460331524908,373,"Mitch Garver",15161
641627,"batter",0.0761948915429649,1,"Trevor Gott",15046
641645,"batter",-0.00551564074890221,70,"Luis Guillorme",16451
641658,"batter",-0.0182069636876325,327,"Garrett Hampson",19262
641684,"batter",-0.0133320549953005,46,"Michael Hermosillo",16285
641712,"batter",-0.0599034903660498,61,"Dakota Hudson",19206
641745,"batter",-0.0404909846802282,10,"Brad Keller",15734
641755,"batter",-0.0918773701353791,1,"Tyler Kinley",18297
641778,"batter",-0.0479129372791531,48,"Eric Lauer",19316
641786,"batter",0.00920858565883097,75,"Kyle Lewis",19508
641796,"batter",-0.0104681318724569,250,"Tim Locastro",15124
641816,"batter",-0.0646104417753742,41,"Tyler Mahle",16358
641820,"batter",0.0120521031405628,677,"Trey Mancini",15149
641829,"batter",0.0092868037838453,40,"Jason Martin",16429
641851,"batter",-0.00896010282508884,3,"Kyle McGowin",15071
641856,"batter",-0.0109489966916874,277,"Billy McKinney",15654
641857,"batter",0.00208640322895206,540,"Ryan McMahon",15112
641878,"batter",-0.0232884518821182,17,"Ian Miller",15156
641914,"batter",-0.0072726344566953,61,"Sheldon Neuse",19635
641924,"batter",-0.0241069264529603,7,"Jacob Nottingham",16448
641933,"batter",-0.00853648971257937,151,"Tyler O'Neill",15711
641941,"batter",-0.0847732755536274,1,"Emilio Pagan",14771
642003,"batter",-0.0957344615918399,1,"Cody Reed",15232
642073,"batter",-0.0925315629287298,2,"James Sherfy",15118
642082,"batter",0.00445355124986917,198,"Chance Sisco",15694
642086,"batter",-0.000115180162555193,197,"Dominic Smith",15653
642098,"batter",-0.0184923435270894,2,"Glenn Sparkman",15200
642133,"batter",0.00524457846440244,406,"Rowdy Tellez",15679
642136,"batter",-0.00846183769670147,165,"Matt Thaiss",19318
642162,"batter",-0.0258422152423576,86,"Pat Valaika",14885
642165,"batter",0.00138608548125912,260,"Josh VanMeter",15170
642180,"batter",-0.0136402625895864,108,"Tyler Wade",15730
642207,"batter",-0.0880877618946872,1,"Devin Williams",15816
642221,"batter",-0.031570773165346,18,"Kean Wong",15994
642336,"batter",-0.0102941108852998,244,"Francisco Mejia",16403
642397,"batter",0.0878203931540636,2,"Gregory Soto",19677
642423,"batter",-0.0170909300709178,42,"Magneuris Sierra",17023
642545,"batter",-0.0827261111528939,2,"Jaime Barria",18356
642547,"batter",-0.0540688315592409,16,"Freddy Peralta",18679
642558,"batter",-0.0873831169584149,1,"Ariel Jurado",17030
642607,"batter",-0.0529878512516728,24,"Dario Agrazal",15821
642701,"batter",0.0290618286624491,2,"Dennis Santana",17878
642708,"batter",-0.00302329919721584,654,"Amed Rosario",15518
642715,"batter",0.000524502666608407,604,"Willy Adames",15986
642721,"batter",-0.0226141040023696,79,"Kelvin Gutierrez",17468
642731,"batter",-0.00879030631012768,69,"Thairo Estrada",16426
642736,"batter",-0.00715172691584785,30,"Domingo Leyba",16404
642851,"batter",-0.0168157891260969,74,"Austin Wynns",15271
643217,"batter",0.00448942234489475,615,"Andrew Benintendi",17901
643230,"batter",-0.0119466459574085,50,"Steven Brault",15291
643265,"batter",0.00744851443826435,421,"Garrett Cooper",15279
643275,"batter",-0.0251981770663668,4,"Johnny Davis",15830
643289,"batter",-0.0132401900765172,112,"Mauricio Dubon",16530
643290,"batter",-0.0920778780398548,1,"Justin Dunn",19268
643327,"batter",-0.0379648266246927,23,"Zack Godley",14862
643338,"batter",-0.0877925254510911,1,"Chad Green",15552
643354,"batter",-0.0863398610584519,2,"Donnie Hart",15306
643376,"batter",-0.00227827321696089,383,"Danny Jansen",16535
643393,"batter",-0.017304309789666,279,"Tony Kemp",14894
643396,"batter",-0.0169943443570312,222,"Isiah Kiner-Falefa",16512
643418,"batter",-0.013913140068548,170,"Shed Long",16542
643436,"batter",0.00279840729358989,83,"Ryan McBroom",16524
643446,"batter",0.00838439928846899,565,"Jeff McNeil",15362
643493,"batter",-0.0886395696977536,1,"Austin Pruitt",15290
643524,"batter",-0.0414660930573915,15,"Frank Schwindel",15351
643565,"batter",-0.000157574219789951,296,"Mike Tauchman",15274
643603,"batter",-0.010701437022109,279,"Tyler White",15564
643615,"batter",-0.090498624289903,1,"T. J. Zeuch",19269
644374,"batter",-0.00710755358723165,84,"Yu Chang",14773
645261,"batter",-0.0678462563479673,63,"Sandy Alcantara",18684
645277,"batter",0.00630878174579845,722,"Ozzie Albies",16556
645302,"batter",-0.0100817181829304,659,"Victor Robles",18363
645801,"batter",0.0125073720640349,161,"Mike Ford",15585
646240,"batter",0.0130109112152742,695,"Rafael Devers",17350
647304,"batter",-0.00538991855957606,278,"Josh Naylor",18839
647336,"batter",-0.0453886223733299,65,"Mike Soroka",18383
647351,"batter",-0.00738198577430122,89,"Abraham Toro",19844
649557,"batter",0.00289443053269662,257,"Aledmys Díaz",15937
649966,"batter",-0.00386954195602499,249,"Luis Urias",16622
650333,"batter",0.00469210167291526,376,"Luis Arraez",18568
650391,"batter",0.00776742045901814,504,"Eloy Jimenez",17484
650402,"batter",0.00669523747621515,641,"Gleyber Torres",16997
650489,"batter",-0.0224647788393088,110,"Willi Castro",17338
650490,"batter",0.0108664516185769,360,"Yandy Díaz",16578
650619,"batter",-0.0237593324293281,148,"Meibrys Viloria",17109
650644,"batter",-0.0498299386460538,2,"Aaron Civale",19479
650671,"batter",-0.0900475823305067,1,"Jose Quijada",19200
650813,"batter",-0.0603239667065266,2,"Luis Escobar",17345
650859,"batter",-0.0051886450989758,406,"Luis Rengifo",19858
650893,"batter",-0.0884355835941631,4,"Genesis Cabrera",17490
650895,"batter",-0.0905242685168101,1,"Diego Castillo",17496
656185,"batter",-0.0152299232460956,255,"Greg Allen",16623
656222,"batter",-0.0834311980806338,3,"Jalen Beeks",17192
656252,"batter",-0.0222605220727264,50,"Bobby Bradley",17278
656257,"batter",-0.0912970836535166,1,"Jeff Brigham",16631
656288,"batter",-0.083466033426968,2,"Griffin Canning",19867
656305,"batter",0.0116686008351653,674,"Matt Chapman",16505
656308,"batter",-0.00569402525990594,381,"Michael Chavis",17321
656371,"batter",-0.0158985198967469,201,"Isan Diaz",17922
656427,"batter",-0.0357852802656276,73,"Jack Flaherty",17479
656514,"batter",-0.0161515005583538,242,"Adam Haseley",19878
656541,"batter",0.00644767546330591,87,"Sam Hilliard",17954
656546,"batter",-0.0339818770524876,24,"Jeff Hoffman",17432
656555,"batter",0.0060934434213375,701,"Rhys Hoskins",16472
656577,"batter",-0.0451403672772395,14,"Alex Jackson",17276
656582,"batter",-0.0246941952321456,16,"Connor Joe",16572
656605,"batter",-0.0619718930670457,11,"Mitch Keller",17594
656669,"batter",0.00755884434433596,261,"Jordan Luplow",16424
656713,"batter",0.024653027871251,11,"Brendan McKay",20186
656725,"batter",-0.0117724241959536,7,"Alex McRae",16317
656775,"batter",-0.0274348892853162,74,"Cedric Mullins",17929
656794,"batter",-0.0872020531071101,8,"Sean Newcomb",16943
656803,"batter",0.00812333954423587,1,"James Norwood",16440
656811,"batter",-0.00258120448818159,369,"Ryan O'Hearn",16442
656887,"batter",-0.0888675762982204,1,"Sean Reid-Foley",17034
656941,"batter",0.0162923797404665,606,"Kyle Schwarber",16478
656954,"batter",-0.0881162851489473,2,"Justus Sheffield",17285
656977,"batter",-0.0864920456453232,2,"Chad Sobotka",17470
657024,"batter",-0.0932471160163815,2,"Erik Swanson",16587
657041,"batter",0.0160488005734133,44,"Lane Thomas",16939
657053,"batter",-0.0493140438620951,10,"Touki Toussaint",16929
657061,"batter",-0.0116355028241696,158,"Cole Tucker",17326
657077,"batter",0.00493802280083073,377,"Alex Verdugo",17027
657097,"batter",-0.0959563721414338,1,"Jacob Webb",19274
657140,"batter",-0.0867525613939099,6,"Kyle Wright",19665
657141,"batter",-0.0554793438685345,26,"Jordan Yamamoto",17585
657145,"batter",-0.0309753226896664,41,"Mark Zagunis",16565
657277,"batter",-0.0360917412331882,11,"Logan Webb",17995
657434,"batter",-0.00503073503079736,48,"Brian O'Grady",16729
657557,"batter",0.000791608702987377,694,"Paul DeJong",18015
657566,"batter",-0.0683325093745548,4,"Montana DuRapau",16768
657571,"batter",-0.0416558158435864,2,"Caleb Ferguson",19349
657656,"batter",0.00525458594256765,485,"Ramon Laureano",17128
658069,"batter",-0.0362535851147111,56,"Josh Fuentes",16885
658648,"batter",-0.0632387959342684,2,"Pedro Avila",18864
658792,"batter",-0.0167377103058319,3,"Aaron Wilkerson",16904
659275,"batter",-0.0564111938267596,24,"Dinelson Lamet",17186
660162,"batter",0.00985489780217155,560,"Yoan Moncada",17232
660271,"batter",0.00859508725237554,424,"Shohei Ohtani",19755
660670,"batter",0.0197931393451601,736,"Ronald Acuna",18401
660761,"batter",-0.0794180706365293,2,"Jose Suarez",19911
660853,"batter",-0.0897853014058466,1,"Enyel De Los Santos",18403
663423,"batter",0.0571283750509373,3,"Trent Thornton",17948
663432,"batter",-0.0889438300298837,1,"Tanner Rainey",17610
663465,"batter",-0.0813182087439433,2,"Kolby Allard",18694
663531,"batter",-0.00740365880058517,5,"Logan Allen",18555
663538,"batter",-0.00371663434851912,81,"Nico Hoerner",21479
663567,"batter",-0.0233170840721263,34,"Peter Lambert",17969
663586,"batter",-0.00338273883196759,294,"Austin Riley",18360
663656,"batter",0.0050871472866625,86,"Kyle Tucker",18345
663757,"batter",-0.0059247141442753,187,"Trent Grisham",18564
663776,"batter",-0.0869134325196235,2,"Patrick Sandoval",19447
663898,"batter",-0.0312420504554888,81,"Brendan Rodgers",17907
663978,"batter",-0.0555850149859815,46,"Chris Paddack",20099
663993,"batter",0.00247259144509146,169,"Nate Lowe",19566
664023,"batter",0.00645106080304922,157,"Ian Happ",17919
664034,"batter",-0.00421025249733852,201,"Ty France",17982
664040,"batter",0.00474128891957685,348,"Brandon Lowe",18882
664041,"batter",-0.00810254589038777,47,"Jaylin Davis",19552
664045,"batter",-0.0883079967580214,2,"Thomas Eshelman",18361
664056,"batter",-0.00308960910426461,417,"Harrison Bader",18030
664057,"batter",0.00862582592745058,37,"Andrew Stevenson",17932
664058,"batter",-0.000369214394960111,654,"David Fletcher",17992
664059,"batter",-0.0882231181483117,4,"Sam Haggerty",18054
664062,"batter",-0.0316699314015392,14,"Tony Gonsolin",19388
664068,"batter",-0.000706019203849133,499,"Scott Kingery",17975
664119,"batter",-0.032233359539061,68,"Austin Allen",18083
664192,"batter",-0.0737217528169064,54,"Joey Lucchesi",19320
664196,"batter",-0.093266856070033,1,"Tanner Anderson",18029
664199,"batter",-0.0503309405496177,25,"Taylor Clarke",17611
664208,"batter",-0.0468190649089886,4,"Phil Maton",18064
664238,"batter",-0.0128702762414202,282,"Dylan Moore",18042
664247,"batter",0.00242380314415345,52,"Kyle Garlick",18063
664353,"batter",-0.0775573642900563,6,"Jose Urquidy",18413
664702,"batter",-0.00475392684354573,128,"Myles Straw",17620
664774,"batter",0.0119445496344,69,"LaMonte Wade",18126
664854,"batter",-0.0854977648602315,3,"Ryan Helsley",18138
664874,"batter",-0.0597836314762985,12,"Seby Zavala",18887
664901,"batter",-0.0115508758397497,40,"Danny Mendick",18889
664913,"batter",-0.00486448364574109,84,"Seth Brown",18171
664926,"batter",-0.0133988785669362,64,"Nick Dini",18206
665120,"batter",-0.00625262492113007,86,"Jared Walsh",18607
665487,"batter",0.00662933114357987,371,"Fernando Tatis",19709
665489,"batter",0.00346344934573777,514,"Vladimir Guerrero",19611
665742,"batter",0.0260653440097124,729,"Juan Soto",20123
666158,"batter",0.0045449027634759,92,"Gavin Lux",19955
666182,"batter",0.00383561508671468,212,"Bo Bichette",19612
666198,"batter",-0.00982836386109934,42,"Carter Kieboom",19958
666971,"batter",0.00656654444204999,343,"Lourdes Gurriel",19238
667498,"batter",-0.0580443231952466,11,"Robert Dugger",19191
668227,"batter",-0.0111524737394148,28,"Randy Arozarena",19290
668663,"batter",-0.0670561392914055,2,"Tres Barrera",19977
668670,"batter",-0.0309035343369232,128,"Jake Rogers",19452
668676,"batter",-0.0867260797545954,1,"Zach Plesac",19979
668678,"batter",-0.0531922216178361,24,"Zac Gallen",19291
668683,"batter",-0.0732567580111692,1,"Jeremy Walker",19981
668800,"batter",-0.0215349935486606,58,"Andrew Knizner",19514
668804,"batter",0.0111893255283342,547,"Bryan Reynolds",19326
668942,"batter",0.00104091464084979,157,"Josh Rojas",19734
669060,"batter",-0.0630938038788422,9,"Bryse Wilson",19990
669160,"batter",-0.0642922645083041,11,"Dustin May",19716
669203,"batter",-0.026428116851999,8,"Corbin Burnes",19361
669214,"batter",-0.0736946864578774,3,"Conner Menez",19199
669221,"batter",0.00618733537828846,61,"Sean Murphy",19352
669222,"batter",-0.00493825573968147,417,"Nick Senzel",19293
669242,"batter",-6.29982229776872e-05,385,"Tommy Edman",19470
669256,"batter",0.00413329697037119,134,"Nick Solak",19294
669257,"batter",0.00131879877601698,210,"Will Smith",19197
669270,"batter",-0.0785545616040444,1,"Joel Kuhnel",19995
669374,"batter",0.0104820898747846,351,"Keston Hiura",20003
669456,"batter",-0.0804043662856937,5,"Shane Bieber",19427
669720,"batter",0.00801373660505626,75,"Austin Hays",19363
669738,"batter",-0.0328228181882187,13,"Jake Noll",19703
670032,"batter",-0.0209054618197311,402,"Nicky Lopez",19339
670329,"batter",-0.0911974549351926,1,"Rico Garcia",20023
670456,"batter",-0.0611318309654028,1,"J. D. Hammer",19548
670541,"batter",0.0235574763866602,429,"Yordan Álvarez",19556
670712,"batter",-0.0145284540633281,145,"Mike Brosseau",19683
670950,"batter",-0.0585174235287421,34,"Trevor Richards",19309
670970,"batter",-0.0881159486169736,1,"Adrián Morejón",20039
671790,"batter",-0.0718973566951669,5,"Ronald Bolanos",20041
672773,"batter",-0.0908595755845349,1,"Elvis Luciano",20632
676606,"batter",-0.0441840360579499,17,"Nick Margevicius",20395
